title,score,url,created_utc
Looking for More Mods ‚Äì r/Battlefield &amp; Future Title Subreddit,13,https://www.reddit.com/r/Battlefield/comments/1iiegu8/looking_for_more_mods_rbattlefield_future_title/,2025-02-05 16:47:11
This is Battlefield Labs,1190,https://www.reddit.com/r/Battlefield/comments/1igsi9s/this_is_battlefield_labs/,2025-02-03 16:05:17
"Should the next battlefield game have Jonathan Ferguson, keeper of firearms and artillery at the Royal Armories museum in the UK, which houses a collection of thousands of iconic weapons throughout history?",905,https://i.redd.it/6xa9ng5olkle1.png,2025-02-26 23:45:25
"Should the next Battlefield have the 2005 Dodge Neon SRT-4 ACR, with a Turbocharged 2.4 Liter Dual Overhead Cam 4-cylinder engine, 5-speed manual transmission, and front-wheel drive?",1448,https://i.redd.it/utdwlngslile1.jpeg,2025-02-26 17:02:32
Should Battlefield 6 have advanced teabag physics?,392,https://i.redd.it/mjaf7bn13kle1.gif,2025-02-26 22:01:12
"Should the next Battlefield include Neovenator salerii, a medium-sized carnivorous theropod from early cretaceous Europe?",757,https://i.redd.it/cg9ak5affile1.jpeg,2025-02-26 16:26:52
Who else enjoys the chaos of Operation Metro?,567,https://i.redd.it/6qgbtv3dkile1.jpeg,2025-02-26 16:54:32
Should the next battlefield include guns?,794,https://i.redd.it/x64cbemdmhle1.jpeg,2025-02-26 13:44:03
Should the next battlefield have Craig from accounting?,329,https://i.redd.it/xb29lhkcuile1.jpeg,2025-02-26 17:50:39
Should the next battle include field?,97,https://i.redd.it/22n3gj11jkle1.jpeg,2025-02-26 23:30:50
Should my buddy Eric be added into Battlefield 6? Thoughts on him???,66,https://i.redd.it/azb7wxlr2lle1.jpeg,2025-02-27 01:21:24
Should the next Battlefield have kamikaze/bomber drones?,188,https://www.reddit.com/gallery/1iyual4,2025-02-26 18:21:14
"Should the next battlefield include a Moog Minimoog Model D Synthesizer with 3 VCOs with selectable waveforms and 1 VCF, 1 VCA, 2 EG‚Äôs?",233,https://i.redd.it/8ewucmu16ile1.jpeg,2025-02-26 15:34:19
Should Battlefield 6?,76,https://i.redd.it/ana5o24dmjle1.jpeg,2025-02-26 20:27:32
Don't do it...,30,https://i.redd.it/o145cwkppkle1.png,2025-02-27 00:08:07
Should when battlefield 6 yes?,31,https://www.reddit.com/r/Battlefield/comments/1iyzx3f/should_when_battlefield_6_yes/,2025-02-26 22:15:00
Zince Vampella looking through the posts in this sub right now...,27,https://i.redd.it/ydxjm9pu3kle1.png,2025-02-26 22:06:10
Should the next battlefield include battle?,10,https://i.redd.it/x5a7kdu3flle1.jpeg,2025-02-27 02:30:24
The kind of default soldier I hope we see in BF6. Photo is US Army infantry from the 101st Airborne Division.,2193,https://i.redd.it/63sujuzslcle1.jpeg,2025-02-25 20:51:55
What Radiohead song(s) do you want in the next Battlefield game?,38,https://i.redd.it/o9biekdk1jle1.jpeg,2025-02-26 18:30:57
Do you think we will play as this faction? üá´üá∑,97,https://www.reddit.com/gallery/1iymvwr,2025-02-26 12:56:36
Feed my Skid Loader,20,https://v.redd.it/5dhs8ppmtjle1,2025-02-26 21:09:00
Potential Behemoths for new Battlefild in modern setting,762,https://www.reddit.com/gallery/1iybdms,2025-02-26 01:10:30
Do you also listen to music while playing?,29,https://i.redd.it/a2quz0z25jle1.png,2025-02-26 18:51:02
Should the next battlefield include real players?,107,https://i.redd.it/u68hcbxcmgle1.jpeg,2025-02-26 10:22:13
Should the next battlefield game have Konrad Adenauer the post WW2 German Chancellor?,5,https://i.redd.it/2wf2y91tglle1.jpeg,2025-02-27 02:40:38
"Everyone: ""I miss BF3"" - Meanwhile BF3:",2565,https://i.redd.it/ooke2y8rcble1.png,2025-02-25 16:39:50
If lego shifted their rules:,40,https://i.redd.it/n751b540yhle1.png,2025-02-26 14:49:21
Should the next Battlefield include Jeremy Beadle?,29,https://i.redd.it/h4idihx16ile1.jpeg,2025-02-26 15:35:00
"Should BF6 have venomous snakes, spiders, and disease spreading insects??",7,https://www.reddit.com/r/Battlefield/comments/1iz0u9p/should_bf6_have_venomous_snakes_spiders_and/,2025-02-26 22:55:06
Why are people who fly planes always so goddamn sweaty?,205,https://www.reddit.com/r/Battlefield/comments/1iye6kg/why_are_people_who_fly_planes_always_so_goddamn/,2025-02-26 03:31:15
Which one?,3,https://i.redd.it/w11fswlndlle1.jpeg,2025-02-27 02:22:17
installing bf2...,51,https://i.redd.it/s44jli7bogle1.jpeg,2025-02-26 10:33:29
Should the next Battlefield have Flamethrowers?,320,https://www.reddit.com/gallery/1iyacqt,2025-02-26 00:21:28
"Should natural disasters return in the next Battlefield? I know most people hated in 2042, but I think they should get another chance. They should have a scripted or be an aftermath of the event. I mean other Battlefield's had natural disasters like bf3's DLC Epicenter and bf4's flood zone.",171,https://i.redd.it/30yefasnjele1.jpeg,2025-02-26 03:26:44
Should the next Battlefield include drones?,159,https://i.redd.it/31rjs1dcdele1.jpeg,2025-02-26 02:48:05
Reconnecting with old Clan mates and players - 5th MR Battlefield 1942.,4,https://youtu.be/UxdFB-6W2aw?si=iZiTb27aiZ_ecnZ8,2025-02-26 20:50:06
Should the next Battlefield be real life battlefield?,2,https://i.redd.it/u04r14qc7lle1.jpeg,2025-02-27 01:46:58
I hope the next Battlefield doesn't introduce map vote,2,https://www.reddit.com/r/Battlefield/comments/1iz40rs/i_hope_the_next_battlefield_doesnt_introduce_map/,2025-02-27 01:24:52
The most clueless Sherman I‚Äôve ever seen,4,https://v.redd.it/mux45r64yjle1,2025-02-26 21:33:46
This game is just incredible on 21:9,547,https://www.reddit.com/gallery/1iy2gov,2025-02-25 18:47:01
"‚ÄúAnd worst of all, he could be any one of us!‚Äù",2,https://i.redd.it/2leg5n8rukle1.jpeg,2025-02-27 00:36:35
That's another Mastery ticked off in a very satisfying way,36,https://v.redd.it/0f5quymp4gle1,2025-02-26 08:43:25
This teammate didn‚Äôt like this guy for killing me,3,https://v.redd.it/rw18zf3lxjle1,2025-02-26 21:30:37
[BF4] Is BF4 worth it for the single player campaign? the game is on sale for $1,2,https://www.reddit.com/r/Battlefield/comments/1iz1lpv/bf4_is_bf4_worth_it_for_the_single_player/,2025-02-26 23:29:35
I forgot i had this,431,https://www.reddit.com/gallery/1iy13di,2025-02-25 17:51:47
Looking for info on BF6. Is this sub having stroke?,3,https://www.reddit.com/r/Battlefield/comments/1iyvowc/looking_for_info_on_bf6_is_this_sub_having_stroke/,2025-02-26 19:18:17
Well it‚Äôs insufferable here now.,1,https://www.reddit.com/r/Battlefield/comments/1iz5b44/well_its_insufferable_here_now/,2025-02-27 02:30:26
Can't spawn in BF Hatdline,1,https://www.reddit.com/r/Battlefield/comments/1iz4qs2/cant_spawn_in_bf_hatdline/,2025-02-27 02:01:15
Battlefield 6 question,1,https://www.reddit.com/r/Battlefield/comments/1iz4a43/battlefield_6_question/,2025-02-27 01:37:42
Hilarious AA snipe on hamada from 1000 meters (not clickbait),1,https://v.redd.it/t2wux29f4lle1,2025-02-27 01:30:58
2025 and BF4 still on top.,1,https://v.redd.it/3itphdq12lle1,2025-02-27 01:23:12
How do they not see me,2,https://v.redd.it/2hx6ws0exjle1,2025-02-26 21:29:30
Battlefield 3 and 4 no sound,1,https://www.reddit.com/r/Battlefield/comments/1iz3nni/battlefield_3_and_4_no_sound/,2025-02-27 01:07:00
Some of my recent BF1 pieces on 10x14s,336,https://www.reddit.com/gallery/1iy0ex7,2025-02-25 17:24:20
"Dead space easter egg in BF hardline campaign, does someone knew about it?",36,https://v.redd.it/552zmmf63fle1,2025-02-26 05:13:25
Sometimes you just have to respect the effort,102,https://i.imgur.com/adNayWa.jpeg,2025-02-25 23:12:42
The amount of yelling was unforgettable,81,https://i.redd.it/ho7dcowlodle1.jpeg,2025-02-26 00:29:25
This for the guy on my last post talking about the jng I hope u enjoy,3,https://v.redd.it/fx8yhxt0xile1,2025-02-26 18:05:33
The BF6 trailer better have some badass music.,138,https://i.redd.it/eos6o5ecncle1.jpeg,2025-02-25 21:00:33
Rendezook from the victims prospective,792,https://i.redd.it/mncyua7ts9le1.jpeg,2025-02-25 11:25:52
Triple Kill With M9 Pistol,1,https://v.redd.it/y567urjs8jle1,2025-02-26 19:17:45
A bunch of you are concerning me about what you want in bf6,32,https://www.reddit.com/r/Battlefield/comments/1iyeqt2/a_bunch_of_you_are_concerning_me_about_what_you/,2025-02-26 04:01:26
Bf1 might be my favorite just because the atmosphere is unmatched.,4,https://v.redd.it/te0uatm61jle1,2025-02-26 18:28:49
[Other]The next Battlefield should have Education Connection,1,https://www.reddit.com/r/Battlefield/comments/1iyz7uw/otherthe_next_battlefield_should_have_education/,2025-02-26 21:45:17
The Cavalry is Here,1,https://youtu.be/NK7FxFC1IIg?si=XSSSYWGRzzxFwkbM,2025-02-26 21:36:32
Should the next battlefield just be a historical walking sim where you look at fields of battle around the world? Like Agincourt and Waterloo etc,1,https://www.reddit.com/r/Battlefield/comments/1iyyuof/should_the_next_battlefield_just_be_a_historical/,2025-02-26 21:29:51
Battlefield 6 if it was good,1737,https://i.redd.it/1mt0j6vxt7le1.jpeg,2025-02-25 04:48:38
Do we WANT another Battlefield?,0,https://youtu.be/NxG7gJipBis?si=1lsnir5qNhe5ezRL,2025-02-26 21:13:19
Should Battlefield tweak/evolve the Conquest mode?,0,https://www.reddit.com/r/Battlefield/comments/1iyy8c0/should_battlefield_tweakevolve_the_conquest_mode/,2025-02-26 21:03:54
Battlefield 6 should have community-owned dedicated servers?,0,https://www.reddit.com/r/Battlefield/comments/1iyy36b/battlefield_6_should_have_communityowned/,2025-02-26 20:58:07
The next Battlefied game needs to start punishing players who violate the Geneva Convention.,0,https://www.reddit.com/r/Battlefield/comments/1iz2ivv/the_next_battlefied_game_needs_to_start_punishing/,2025-02-27 00:12:45
Battlefield 6 artwork vibes,2,https://www.reddit.com/r/Battlefield/comments/1iyrmgn/battlefield_6_artwork_vibes/,2025-02-26 16:32:28
Battlefield 6 vehicles,1,https://www.reddit.com/r/Battlefield/comments/1iywwvf/battlefield_6_vehicles/,2025-02-26 20:08:49
Sorry temp-6857993623,12,https://v.redd.it/kkns23edifle1,2025-02-26 06:38:24
"Should the next battlefield include Tactical horses?, the four-legged marvel of medieval engineering, for off-road traversal and high-speed cavalry charges, it comes equipped with variable-speed propulsion (walk, trot, and gallop)",0,https://i.redd.it/mlkbrywzdkle1.jpeg,2025-02-26 23:02:25
Why don‚Äôt flood zone roof campers flee from cruise missiles?,0,https://www.reddit.com/r/Battlefield/comments/1iysouw/why_dont_flood_zone_roof_campers_flee_from_cruise/,2025-02-26 17:16:29
Bots,2,https://www.reddit.com/r/Battlefield/comments/1iymd8l/bots/,2025-02-26 12:27:30
You can't park here,130,https://v.redd.it/luhy0ee27ale1,2025-02-25 12:45:52
Battlefield Labs Footage: Raw Battle Audio [No Music],6,https://v.redd.it/t78bxbo6lfle1,2025-02-26 06:54:18
Missed me,30,https://v.redd.it/o31adrlsacle1,2025-02-25 19:50:35
Just realized I've never once seen a redezook from the victims perspective,347,https://i.redd.it/lp28h22q98le1.jpeg,2025-02-25 06:17:05
√â poss√≠vel diminuir o ping no BF4?,2,https://www.reddit.com/r/Battlefield/comments/1iykeou/√©_poss√≠vel_diminuir_o_ping_no_bf4/,2025-02-26 10:20:25
Taking down tanks like this is possibly the most satisfying thing in video game history,36,https://v.redd.it/gethd49dvble1,2025-02-25 18:24:52
Should the next BF game have Hydrogen bomb as call-ins and have a Megalodon as bomber plane call-ins that can crap lightning on ground troops?,0,https://i.redd.it/t7kl3i00nhle1.jpeg,2025-02-26 13:47:33
Should the next Battlefield have this?,0,https://i.redd.it/myq9dk506kle1.png,2025-02-26 22:18:43
Battlefield 3,3955,https://v.redd.it/6etbqsbjv3le1,2025-02-24 15:31:54
MOTBF: Belt Fed Defense | Battlefield 4 Hardcore PC Gameplay,0,https://youtu.be/m7hVQ3ay-hk,2025-02-26 12:10:20
"How are we feeling about indirect fire (mortar, drones, artillery) heading into the next BF game?",0,https://www.reddit.com/r/Battlefield/comments/1iyltpd/how_are_we_feeling_about_indirect_fire_mortar/,2025-02-26 11:55:31
Should the next Battlefield be a shooter,0,https://www.reddit.com/r/Battlefield/comments/1iyog7g/should_the_next_battlefield_be_a_shooter/,2025-02-26 14:14:15
battlefield 1 is so good,22,https://www.reddit.com/r/Battlefield/comments/1iy0afl/battlefield_1_is_so_good/,2025-02-25 17:19:08
Why aren't there civilian NPCs on any Battlefield?,0,https://www.reddit.com/r/Battlefield/comments/1iyudys/why_arent_there_civilian_npcs_on_any_battlefield/,2025-02-26 18:25:04
"Good times, DICE HQ on 2011",31,https://youtu.be/o21OA5eSZZk?si=Qzl1AUo_4-ZVbPYg,2025-02-25 12:42:55
[BFComms] Small Update to Battlefield 1 PC Now Live!,54,https://www.reddit.com/r/Battlefield/comments/1ixqxo3/bfcomms_small_update_to_battlefield_1_pc_now_live/,2025-02-25 09:17:24
What do you think whats the most realistic timeframe when we can see the new Battlefield?,5,https://www.reddit.com/r/Battlefield/comments/1iy48xb/what_do_you_think_whats_the_most_realistic/,2025-02-25 20:00:31
"I know it's mortar, but I managed to hit a plane with it",1432,https://v.redd.it/mq199xpcd3le1,2025-02-24 13:48:34
Lost multiplayer progress when migrating from PS3 to PS4? Any fix?,3,https://www.reddit.com/r/Battlefield/comments/1iy7i0d/lost_multiplayer_progress_when_migrating_from_ps3/,2025-02-25 22:14:57
Imagine if this were in the next Battlefield,3,https://youtu.be/ZmuUyq3n77s,2025-02-25 21:16:36
Battlefield 3 trick shot,79,https://v.redd.it/83upu6ua07le1,2025-02-25 02:02:34
Should the next Battlefield game have heavy machine guns as primary weapon?,0,https://i.redd.it/h1edoa0qwhle1.jpeg,2025-02-26 14:42:03
Interested to know your opinions on the 3rd person camera in BF3 vs BF4 and above. I honestly prefer this one,146,https://v.redd.it/yga7iwrpw5le1,2025-02-24 22:20:40
Which vehicles should be in BF 2025/26 and how to balance them,2,https://www.reddit.com/r/Battlefield/comments/1iy3uij/which_vehicles_should_be_in_bf_202526_and_how_to/,2025-02-25 19:43:54
